{
	"children": {
		"new": [
			{
				"type": "CCMenu",
				"id": "new-main-menu",
				"attributes": {
					"ignore-anchor-pos": false,
					"z-order": 1
                },
				"children": {
					"new": [
						{
							"type": "CCMenuItemSpriteExtra",
							"id": "main-levels-btn",
							"attributes": {
								"sprite": "Danz_asset/Danz_ui.png",
								"anchor": "center-left",
								"position": {
									"x": 75,
									"y": 220
								}
							},
							"event": {
								"on-activate": {
									"attributes": {
										"callback": {
											"class": "MenuLayer",
											"method": "onPlay"
										}
									}
								}
							},
							"children": {
								"new": [
									{
										"type": "CCLabelBMFont",
										"id": "main-levels-label",
										"attributes": {
											"font": "gjFont16.fnt",
											"text": "Main!",
											"scale": 0.4,
											"position": {
												"anchor": "center",
												"x": -8,
												"y": 1.5
											}
										}
									},
									{
										"type": "CCSprite",
										"id": "main-levels-icon",
										"attributes": {
											"sprite-frame": "GJ_coinsIcon_001.png",
											"scale": 0.55,
											"position": {
												"anchor": "center",
												"x": 42,
												"y": 1
											}
										}
									}
								]
							}
						},
						{
							"type": "CCMenuItemSpriteExtra",
							"id": "creator-btn",
							"attributes": {
								"sprite": "Danz_asset/Danz_ui.png",
								"anchor": "center-left",
								"position": {
									"x": 75,
									"y": 182
								}
							},
							"event": {
								"on-activate": {
									"attributes": {
										"callback": {
											"class": "MenuLayer",
											"method": "onCreator"
										}
									}
								}
							},
							"children": {
								"new": [
									{
										"type": "CCLabelBMFont",
										"id": "creator-label",
										"attributes": {
											"font": "gjFont16.fnt",
											"text": "Lanjutan",
											"scale": 0.4,
											"position": {
												"anchor": "center",
												"x": -7,
												"y": 1.5
											}
										}
									},
									{
										"type": "CCSprite",
										"id": "creator-icon",
										"attributes": {
											"sprite-frame": "GJ_hammerIcon_001.png",
											"scale": 0.6,
											"position": {
												"anchor": "center",
												"x": 42,
												"y": 1
											}
										}
									}
								]
							}
						},
						{
							"type": "CCMenuItemSpriteExtra",
							"id": "icons-btn",
							"attributes": {
								"sprite": "Danz_asset/Danz_ui.png",
								"anchor": "center-left",
								"position": {
									"x": 75,
									"y": 144
								}
							},
							"event": {
								"on-activate": {
									"attributes": {
										"callback": {
											"class": "MenuLayer",
											"method": "onGarage"
										}
									}
								}
							},
							"children": {
								"new": [
									{
										"type": "CCLabelBMFont",
										"id": "icons-label",
										"attributes": {
											"font": "gjFont16.fnt",
											"text": "Ikon",
											"scale": 0.4,
											"position": {
												"anchor": "center",
												"x": -8,
												"y": 1.5
											}
										}
									},
									{
										"type": "CCSprite",
										"id": "icons-icon2",
										"attributes": {
											"sprite-frame": "player_01_2_001.png",
											"scale": 0.4,
											"position": {
												"anchor": "center",
												"x": 42,
												"y": 0
											},
											"color": {
												"r": 0,
												"g": 255,
												"b": 255
											}
										}
									},
									{
										"type": "CCSprite",
										"id": "icons-icon1",
										"attributes": {
											"scale": 0.4,
											"sprite-frame": "player_01_001.png",
											"position": {
												"anchor": "center",
												"x": 42,
												"y": 0
											},
											"color": {
												"r": 125,
												"g": 255,
												"b": 0
											}
										}
									}
								]
							}
						},
						{
							"type": "CCMenuItemSpriteExtra",
							"id": "settings-button",
							"attributes": {
								"sprite": "Danz_asset/Danz_ui.png",
								"anchor": "center-left",
								"position": {
									"x": 75,
									"y": 106
								}
							},
							"event": {
								"on-activate": {
									"attributes": {
										"callback": {
											"class": "MenuLayer",
											"method": "onOptions"
										}
									}
								}
							},
							"children": {
								"new": [
									{
										"type": "CCLabelBMFont",
										"id": "setting-label",
										"attributes": {
											"font": "gjFont16.fnt",
											"text": "Pengatur",
											"scale": 0.4,
											"position": {
												"anchor": "center",
												"x": -7,
												"y": 1.5
											}
										}
									},
									{
										"type": "CCSprite",
										"id": "geode-settingsIcon",
										"attributes": {
											"sprite-frame": "geode.loader/settings.png",
											"scale": 0.4,
											"position": {
												"anchor": "center",
												"x": 42,
												"y": 1
											}
										}
									}
								]
							}
						},
						{
							"type": "CCMenuItemSpriteExtra",
							"id": "achievements-button",
							"attributes": {
								"sprite": "Danz_asset/Danz_ui.png",
								"anchor": "center-left",
								"position": {
									"x": 75,
									"y": 68
								}
							},
							"event": {
								"on-activate": {
									"attributes": {
										"callback": {
											"class": "MenuLayer",
											"method": "onAchievements"
										}
									}
								}
							},
							"children": {
								"new": [
									{
										"type": "CCLabelBMFont",
										"id": "achievemens-label",
										"attributes": {
											"font": "gjFont16.fnt",
											"text": "Tugas",
											"scale": 0.4,
											"position": {
												"anchor": "center",
												"x": -14,
												"y": 1.5
											}
										}
									},
									{
										"type": "CCSprite",
										"id": "achievement-icon",
										"attributes": {
											"sprite-frame": "rankIcon_1_001.png",
											"scale": 0.55,
											"position": {
												"anchor": "center",
												"x": 42,
												"y": 1
											}
										}
									}
								]
							}
						},
						{
							"type": "CCMenuItemSpriteExtra",
							"id": "stats-button",
							"attributes": {
								"sprite": "Danz_asset/Danz_ui.png",
								"anchor": "center-left",
								"position": {
									"x": 75,
									"y": 30
								}
							},
							"event": {
								"on-activate": {
									"attributes": {
										"callback": {
											"class": "MenuLayer",
											"method": "onStats"
										}
									}
								}
							},
							"children": {
								"new": [
									{
										"type": "CCLabelBMFont",
										"id": "achievemens-label",
										"attributes": {
											"font": "gjFont16.fnt",
											"text": "Capaian",
											"scale": 0.4,
											"position": {
												"anchor": "center",
												"x": -7,
												"y": 1.5
											}
										}
									},
									{
										"type": "CCSprite",
										"id": "stats-icon",
										"attributes": {
											"sprite": "Danz_asset/stats.png",
											"scale": 0.55,
											"position": {
												"anchor": "center",
												"x": 42,
												"y": 1
											}
										}
									}
								]
							}
						}
					]
				}
			},
			{
				"type": "CCMenu",
				"id": "right-menu",
				"attributes": {
					"ignore-anchor-pos": false
				},
				"children": {
					"new": [
						{
							"type": "CCMenuItemSpriteExtra",
							"id": "featured-btnn",
							"attributes": {
								"sprite-frame": "GJ_featuredBtn_001.png",
								"scale": 0.5,
								"base-scale": 0.5,
								"opacity": 1,
								"position": {
									"anchor": "center",
									"x": 200,
									"y": 40
								}
							},
							"event": {
								"on-activate": {
									"attributes": {
										"callback": {
											"class": "CreatorLayer",
											"method": "ModsLayer"
										}
									}
								}
							}
						},
						{
							"type": "CCMenuItemSpriteExtra",
							"id": "search-btn",
							"attributes": {
								"sprite": "Danz_asset/Danz_play.png",
								"scale": 1.8,
								"base-scale": 1.8,
								"position": {
									"anchor": "top-right",
									"x": -108,
									"y": -85
								}
							},
							"event": {
								"on-activate": {
									"attributes": {
										"callback": {
											"class": "CreatorLayer",
											"method": "onOnlineLevels"
										}
									}
								}
							}
						}
					]
				}
			},
			{
				"type": "CCMenu",
				"id": "info-menu",
				"attributes": {
					"ignore-anchor-pos": false
				},
				"children": {
					"new": [
						{
							"type": "CCMenuItemSpriteExtra",
							"id": "info-btn",
							"attributes": {
								"sprite-frame": "GJ_infoBtn_001.png",
								"scale": 0.7,
								"base-scale": 0.7,
								"position": {
									"anchor": "top-right",
									"x": -30,
									"y": -30
								}
							},
							"event": {
								"on-activate": {
									"children": {
										"new": [
											{
												"type": "Alert",
												"id": "info-alert",
												"attributes": {
													"title": "FreedomUi (Ja-Ikuu!!)",
													"description": "Nova Ui By<cb> DANZGAME</c> Modified FreeUi, Composer<cb> GiffariRMX</c>, Modified By<cf> Fless</c>. Thanks For Playing!!",
													"show": true
												}
											}
										]
									}
								}
							}
						},
						{
							"type": "CCMenuItemSpriteExtra",
							"id": "info-about-btn",
							"attributes": {
								"sprite": "Danz_asset/Danz_yt.png",
								"scale": 0.4,
								"base-scale": 0.4,
								"position": {
									"anchor": "top-right",
									"x": -65,
									"y": -30
								}
							},
							"event": {
								"on-activate": {
									"attributes": {
										"link": "https://fless.rf.gd/sdk"
									}
								}
							}
						}
					]
				}
			}
		],
		"node": {
			"social-media-menu": {
				"attributes": {
					"visible": false
				}
			},
			"more-games-menu": {
				"attributes": {
				"position": {
						"x": 191.125,
						"y": 41
					}
				}
			},
			"main-menu": {
				"attributes": {
					"visible": false
				}
			},
			"main-title": {
				"attributes": {
					"visible": false
				}
			},
			"profile-menu": {
				"attributes": {
				    "anchor": "top-left",
					"position": {
						"x": 83,
						"y": 284
					}
				}
			},
			"player-username": {
				"attributes": {
				    "anchor": "top-left",
				    "scale": 0.6,
				    "position": {
				    	"x": 112,
				    	"y": 284
				    }
				}
			},
			"bottom-menu": {
				"attributes": {
				"anchor": "center-right",
				    "scale": 0.8,
					"position": {
						"x": 400,
						"y": 30
					}
				},
				"children": {
				    "node": {
				        "achievements-button": {
				            "attributes": {
				                "visible": false
				            }
				        },
				        "settings-button": {
				            "attributes": {
				                "visible": false
				            }
				        },
				        "stats-button": {
				            "attributes": {
				                "visible": false
				            }
				        },
				        "newgrounds-button": {
				            "attributes": {
				                "visible": true
				            }
				        }
				    }
				}
			},
			"right-side-menu": {
				"attributes": {
					"scale": 0.85,
					"position": {
						"anchor": "center-right",
						"x": -35,
						"y": -14
					}
				}
			}
		}
	}
}