{
	"children": {
		"new": [
			{
				"type": "CCMenu",
				"id": "new-creator-menu",
				"attributes": {
					"ignore-anchor-pos": false,
					"z-order": 1
                },
				"children": {
					"new": [
						{
							"type": "CCMenuItemSpriteExtra",
							"id": "create-btn",
							"attributes": {
								"sprite": "Danz_asset/Danz_ui.png",
								"anchor": "center",
								"position": {
									"x": 75,
									"y": 258
								}
							},
							"event": {
								"on-activate": {
									"attributes": {
										"callback": {
											"class": "CreatorLayer",
											"method": "onMyLevels"
										}
									}
								}
							},
							"children": {
								"new": [
									{
										"type": "CCLabelBMFont",
										"id": "create-label",
										"attributes": {
											"font": "gjFont16.fnt",
											"text": "Buat!",
											"scale": 0.4,
											"position": {
												"anchor": "center",
												"x": -8,
												"y": 1.5
											}
										}
									},
									{
										"type": "CCSprite",
										"id": "create-icon",
										"attributes": {
											"sprite-frame": "GJ_hammerIcon_001.png",
											"scale": 0.55,
											"position": {
												"anchor": "center",
												"x": 42,
												"y": 1
											}
										}
									}
								]
							}
						},
						{
							"type": "CCMenuItemSpriteExtra",
							"id": "saved-btn",
							"attributes": {
								"sprite": "Danz_asset/Danz_ui.png",
								"anchor": "center",
								"position": {
									"x": 75,
									"y": 220
								}
							},
							"event": {
								"on-activate": {
									"attributes": {
										"callback": {
											"class": "CreatorLayer",
											"method": "onSavedLevels"
										}
									}
								}
							},
							"children": {
								"new": [
									{
										"type": "CCLabelBMFont",
										"id": "saved-label",
										"attributes": {
											"font": "gjFont16.fnt",
											"text": "Simpanan",
											"scale": 0.4,
											"position": {
												"anchor": "center",
												"x": -7,
												"y": 1.5
											}
										}
									},
									{
										"type": "CCSprite",
										"id": "saved-icon",
										"attributes": {
											"sprite-frame": "gj_folderBtn_001.png",
											"scale": 0.55,
											"position": {
												"anchor": "center",
												"x": 42,
												"y": 1
											}
										}
									}   
								]
							}
						},
						{
							"type": "CCMenuItemSpriteExtra",
							"id": "scores-btn",
							"attributes": {
								"sprite": "Danz_asset/Danz_ui.png",
								"anchor": "center",
								"position": {
									"x": 75,
									"y": 182
								}
							},
							"event": {
								"on-activate": {
									"attributes": {
										"callback": {
											"class": "CreatorLayer",
											"method": "onLeaderboards"
										}
									}
								}
							},
							"children": {
								"new": [
									{
										"type": "CCLabelBMFont",
										"id": "scores-label",
										"attributes": {
											"font": "gjFont16.fnt",
											"text": "Rank",
											"scale": 0.4,
											"position": {
												"anchor": "center",
												"x": -8,
												"y": 1.5
											}
										}
									},
									{
										"type": "CCSprite",
										"id": "scores-icon",
										"attributes": {
											"sprite-frame": "rankIcon_top10_001.png",
											"scale": 0.55,
											"position": {
												"anchor": "center",
												"x": 42,
												"y": 1
											}
										}
									}
								]
							}
						},
						{
							"type": "CCMenuItemSpriteExtra",
							"id": "quests-btn",
							"attributes": {
								"sprite": "Danz_asset/Danz_ui.png",
								"anchor": "center",
								"position": {
									"x": 75,
									"y": 144
								}
							},
							"event": {
								"on-activate": {
									"attributes": {
										"callback": {
											"class": "CreatorLayer",
											"method": "onChallenge"
										}
									}
								}
							},
							"children": {
								"new": [
									{
										"type": "CCLabelBMFont",
										"id": "quests-label",
										"attributes": {
											"font": "gjFont16.fnt",
											"text": "Misi!",
											"scale": 0.4,
											"position": {
												"anchor": "center",
												"x": -7,
												"y": 1.5
											}
										}
									},
									{
										"type": "CCSprite",
										"id": "quests-icon",
										"attributes": {
											"sprite-frame": "Danz_asset/questsBtn.png",
											"scale": 0.4,
											"position": {
												"anchor": "center",
												"x": 42,
												"y": 1
											}
										}
									}
								]
							}
						},
						{
							"type": "CCMenuItemSpriteExtra",
							"id": "daily-button",
							"attributes": {
								"sprite": "Danz_asset/Danz_ui.png",
								"anchor": "center",
								"position": {
									"x": 75,
									"y": 106
								}
							},
							"event": {
								"on-activate": {
									"attributes": {
										"callback": {
											"class": "CreatorLayer",
											"method": "onDailyLevel"
										}
									}
								}
							},
							"children": {
								"new": [
									{
										"type": "CCLabelBMFont",
										"id": "daily-label",
										"attributes": {
											"font": "gjFont16.fnt",
											"text": "Harian",
											"scale": 0.4,
											"position": {
												"anchor": "center",
												"x": -7,
												"y": 1.5
											}
										}
									},
									{
										"type": "CCSprite",
										"id": "daily-icon",
										"attributes": {
											"sprite-frame": "gj_dailyCrown_001.png",
											"scale": 0.4,
											"position": {
												"anchor": "center",
												"x": 42,
												"y": 1
											}
										}
									}
								]
							}
						},
						{
							"type": "CCMenuItemSpriteExtra",
							"id": "weekly-button",
							"attributes": {
								"sprite": "Danz_asset/Danz_ui.png",
								"anchor": "center",
								"position": {
									"x": 75,
									"y": 68
								}
							},
							"event": {
								"on-activate": {
									"attributes": {
										"callback": {
											"class": "CreatorLayer",
											"method": "onWeeklyLevel"
										}
									}
								}
							},
							"children": {
								"new": [
									{
										"type": "CCLabelBMFont",
										"id": "weekly-label",
										"attributes": {
											"font": "gjFont16.fnt",
											"text": "Ahad",
											"scale": 0.4,
											"position": {
												"anchor": "center",
												"x": -7,
												"y": 1.5
											}
										}
									},
									{
										"type": "CCSprite",
										"id": "weekly-icon",
										"attributes": {
											"sprite-frame": "gj_weeklyCrown_001.png",
											"scale": 0.4,
											"position": {
												"anchor": "center",
												"x": 42,
												"y": 1
											}
										}
									}
								]
							}
						},
						{
							"type": "CCMenuItemSpriteExtra",
							"id": "the-map-button",
							"attributes": {
								"sprite": "Danz_asset/Danz_ui.png",
								"position": {
									"anchor": "center-left",
									"x": 75,
									"y": -129
								}
							},
							"event": {
								"on-activate": {
									"attributes": {
										"callback": {
											"class": "CreatorLayer",
											"method": "onAdventureMap"
										}
									}
								}
							},
							"children": {
								"new": [
									{
										"type": "CCLabelBMFont",
										"id": "the-map-abel",
										"attributes": {
											"font": "gjFont16.fnt",
											"text": "Da Map",
											"scale": 0.4,
											"position": {
												"anchor": "center",
												"x": -7,
												"y": 1.5
											}
										}
									},
									{
										"type": "CCSprite",
										"id": "the-map-icon",
										"attributes": {
											"sprite": "Danz_asset/the_map.png",
											"scale": 0.55,
											"rotation": {
											    "x": 0,
											    "y": 180
											},
											"position": {
												"anchor": "center",
												"x": 42,
												"y": 1
											}
										}
									}
								]
							}
						},
						{
							"type": "CCMenuItemSpriteExtra",
							"id": "event-btn",
							"attributes": {
								"sprite": "Danz_asset/Danz_ui.png",
								"position": {
									"anchor": "bottom-right",
									"x": -75,
									"y": 258
								},
								"rotation": {
								    "x": 0,
								    "y": 180
								}
							},
							"event": {
								"on-activate": {
									"attributes": {
										"callback": {
											"class": "CreatorLayer",
											"method": "onEventLevel"
										}
									}
								}
							},
							"children": {
								"new": [
									{
										"type": "CCLabelBMFont",
										"id": "event-label",
										"attributes": {
											"font": "gjFont16.fnt",
											"text": "Acara",
											"scale": 0.4,
											"rotation": {
												"x": 0,
												"y": 180
											},
											"position": {
												"anchor": "center",
												"x": -8,
												"y": 1.5
											}
										}
									},
									{
										"type": "CCSprite",
										"id": "event-icon",
										"attributes": {
											"sprite-frame": "gj_eventCrown_001.png",
											"scale": 0.4,
											"position": {
												"anchor": "center",
												"x": 42,
												"y": 1
											}
										}
									}
								]
							}
						},
						{
							"type": "CCMenuItemSpriteExtra",
							"id": "gauntlets-btn",
							"attributes": {
								"sprite": "Danz_asset/Danz_ui.png",
								"position": {
									"anchor": "bottom-right",
									"x": -75,
									"y": 220
								},
								"rotation": {
								    "x": 0,
								    "y": 180
								}
							},
							"event": {
								"on-activate": {
									"attributes": {
										"callback": {
											"class": "CreatorLayer",
											"method": "onGauntlets"
										}
									}
								}
							},
							"children": {
								"new": [
									{
										"type": "CCLabelBMFont",
										"id": "gauntlest-label",
										"attributes": {
											"font": "gjFont16.fnt",
											"text": "Gauntlet",
											"scale": 0.4,
											"rotation": {
												"x": 0,
												"y": 180
											},
											"position": {
												"anchor": "center",
												"x": -8,
												"y": 1.5
											}
										}
									},
									{
										"type": "CCSprite",
										"id": "gauntlets-icon",
										"attributes": {
											"sprite": "Danz_asset/Gauntlets.png",
											"scale": 0.55,
											"rotation": {
											    "x": 0,
											    "y": 180
											},
											"position": {
												"anchor": "center",
												"x": 42,
												"y": 1
											}
										}
									}
								]
							}
						},
						{
							"type": "CCMenuItemSpriteExtra",
							"id": "feature-btn",
							"attributes": {
								"sprite": "Danz_asset/Danz_ui.png",
								"position": {
									"anchor": "bottom-right",
									"x": -75,
									"y": 182
								},
								"rotation": {
								    "x": 0,
								    "y": 180
								}
							},
							"event": {
								"on-activate": {
									"attributes": {
										"callback": {
											"class": "CreatorLayer",
											"method": "onFeaturedLevels"
										}
									}
								}
							},
							"children": {
								"new": [
									{
										"type": "CCLabelBMFont",
										"id": "featured-label",
										"attributes": {
											"font": "gjFont16.fnt",
											"text": "Pilihan!",
											"scale": 0.4,
											"rotation": {
												"x": 0,
												"y": 180
											},
											"position": {
												"anchor": "center",
												"x": -8,
												"y": 1.5
											}
										}
									},
									{
										"type": "CCSprite",
										"id": "featured-icon",
										"attributes": {
											"sprite-frame": "GJ_bigStar_001.png",
											"scale": 0.4,
											"position": {
												"anchor": "center",
												"x": 42,
												"y": 1
											}
										}
									}
								]
							}
						},
						{
							"type": "CCMenuItemSpriteExtra",
							"id": "list-btn",
							"attributes": {
								"sprite": "Danz_asset/Danz_ui.png",
								"position": {
									"anchor": "bottom-right",
									"x": -75,
									"y": 144
								},
								"rotation": {
								    "x": 0,
								    "y": 180
								}
							},
							"event": {
								"on-activate": {
									"attributes": {
										"callback": {
											"class": "CreatorLayer",
											"method": "onTopLists"
										}
									}
								}
							},
							"children": {
								"new": [
									{
										"type": "CCLabelBMFont",
										"id": "list-label",
										"attributes": {
											"font": "gjFont16.fnt",
											"text": "Daftar",
											"scale": 0.4,
											"rotation": {
												"x": 0,
												"y": 180
											},
											"position": {
												"anchor": "center",
												"x": -8,
												"y": 1.5
											}
										}
									},
									{
										"type": "CCSprite",
										"id": "listicon",
										"attributes": {
											"sprite-frame": "GJ_listAddBtn_001.png",
											"scale": 0.55,
											"position": {
												"anchor": "center",
												"x": 42,
												"y": 1
											}
										}
									}
								]
							}
						},
						{
							"type": "CCMenuItemSpriteExtra",
							"id": "path-btn",
							"attributes": {
								"sprite": "Danz_asset/Danz_ui.png",
								"position": {
									"anchor": "bottom-right",
									"x": -75,
									"y": 106
								},
								"rotation": {
								    "x": 0,
								    "y": 180
								}
							},
							"event": {
								"on-activate": {
									"attributes": {
										"callback": {
											"class": "CreatorLayer",
											"method": "onPaths"
										}
									}
								}
							},
							"children": {
								"new": [
									{
										"type": "CCLabelBMFont",
										"id": "path-label",
										"attributes": {
											"font": "gjFont16.fnt",
											"text": "DashPass",
											"scale": 0.4,
											"rotation": {
												"x": 0,
												"y": 180
											},
											"position": {
												"anchor": "center",
												"x": -8,
												"y": 1.5
											}
										}
									},
									{
										"type": "CCSprite",
										"id": "path-icon",
										"attributes": {
											"sprite-frame": "pathIcon_01_001.png",
											"scale": 0.5,
											"position": {
												"anchor": "center",
												"x": 42,
												"y": 1
											}
										}
									}
								]
							}
						},
						{
							"type": "CCMenuItemSpriteExtra",
							"id": "packs-btn",
							"attributes": {
								"sprite": "Danz_asset/Danz_ui.png",
								"position": {
									"anchor": "bottom-right",
									"x": -75,
									"y": 68
								},
								"rotation": {
								    "x": 0,
								    "y": 180
								}
							},
							"event": {
								"on-activate": {
									"attributes": {
										"callback": {
											"class": "CreatorLayer",
											"method": "onMapPacks"
										}
									}
								}
							},
							"children": {
								"new": [
									{
										"type": "CCLabelBMFont",
										"id": "packs-label",
										"attributes": {
											"font": "gjFont16.fnt",
											"text": "Paket",
											"scale": 0.4,
											"rotation": {
												"x": 0,
												"y": 180
											},
											"position": {
												"anchor": "center",
												"x": -8,
												"y": 1.5
											}
										}
									},
									{
										"type": "CCSprite",
										"id": "packs-icon",
										"attributes": {
											"sprite": "Danz_asset/packs.png",
											"scale": 0.65,
											"rotation": {
											    "x": 0,
											    "y": 180
											},
											"position": {
												"anchor": "center",
												"x": 42,
												"y": 1
											}
										}
									}
								]
							}
						}
					]
				}
			}
		],
		"node": {
			"social-media-menu": {
				"attributes": {
					"visible": false
				}
			},
			"top-left-corner": {
				"attributes": {
					"visible": false
				}
			},
			"bottom-left-corner": {
				"attributes": {
					"visible": false
				}
			},
			"creator-buttons-menu": {
				"attributes": {
					"visible": false
				}
			},
			"cvolton.betterinfo/center-right-menu": {
				"attributes": {
				"rotation": {
						"x": 0,
						"y": 180
			},
			"position": {
				"x": -73,
				"y": 23
					}
				}
			}
		}
	}
}